{
	"resource":[
		{
			"color":"#95ded0",
			"description":"tabBar主题色",
			"dark#color":"#5d9f8f",
			"position":"tab_bar_theme_color",
			"type":"color"
		},
		{
			"color":"#000000",
			"description":"tab普通态字体颜色",
			"dark#color":"#FFFFFF",
			"position":"tab_bar_text_color_normal",
			"type":"color"
		},
		{
			"color":"#000000",
			"description":"tab选择态字体颜色",
			"dark#color":"#FFFFFF",
			"position":"tab_bar_text_color_selected",
			"type":"color"
		},
		{
			"image":"tab_bar_home_icon_normal",
			"description":"首页tab普通态icon",
			"position":"tab_bar_home_icon_normal",
			"type":"image"
		},
		{
			"image":"tab_bar_home_icon_selected",
			"description":"首页tab选择态icon",
			"position":"tab_bar_home_icon_selected",
			"type":"image"
		},
		{
			"image":"tab_bar_wealth_icon_normal",
			"description":"理财tab普通态icon",
			"position":"tab_bar_wealth_icon_normal",
			"type":"image"
		},
		{
			"image":"tab_bar_wealth_icon_selected",
			"description":"理财tab选择态icon",
			"position":"tab_bar_wealth_icon_selected",
			"type":"image"
		},
		{
			"image":"tab_bar_life_icon_normal",
			"description":"生活tab普通态icon",
			"position":"tab_bar_life_icon_normal",
			"type":"image"
		},
		{
			"image":"tab_bar_life_icon_selected",
			"description":"生活tab选择态icon",
			"position":"tab_bar_life_icon_selected",
			"type":"image"
		},
		{
			"image":"tab_bar_msg_icon_normal",
			"description":"消息tab普通态icon",
			"position":"tab_bar_msg_icon_normal",
			"type":"image"
		},
		{
			"image":"tab_bar_msg_icon_selected",
			"description":"消息tab选择态icon",
			"position":"tab_bar_msg_icon_selected",
			"type":"image"
		},
		{
			"image":"tab_bar_mime_icon_normal",
			"description":"我的tab普通态icon",
			"position":"tab_bar_mime_icon_normal",
			"type":"image"
		},
		{
			"image":"tab_bar_mime_icon_selected",
			"description":"我的tab选择态icon",
			"position":"tab_bar_mime_icon_selected",
			"type":"image"
		},
		{
			"image":"tab_bar_internationa_icon_normal",
			"description":"惠出境tab普通态icon",
			"position":"tab_bar_internationa_icon_normal",
			"type":"image"
		},
		{
			"image":"tab_bar_internationa_icon_selected",
			"description":"惠出境tab选择态icon",
			"position":"tab_bar_internationa_icon_selected",
			"type":"image"
		},
		{
			"image":"home_scan_icon",
			"description":"扫一扫",
			"position":"home_scan_icon",
			"type":"image"
		},
		{
			"image":"home_pay_collect_icon",
			"description":"收收款",
			"position":"home_pay_collect_icon",
			"type":"image"
		},
		{
			"image":"home_transport_icon",
			"description":"出行",
			"position":"home_transport_icon",
			"type":"image"
		},
		{
			"image":"home_pocket_icon",
			"description":"卡包",
			"position":"home_pocket_icon",
			"type":"image"
		},
		{
			"image":"home_pay_icon",
			"description":"付款",
			"position":"home_pay_icon",
			"type":"image"
		},
		{
			"image":"home_collect_icon",
			"description":"收款",
			"position":"home_collect_icon",
			"type":"image"
		},
		{
			"image":"home_navi_bg",
			"description":"首页顶部背景图",
			"position":"home_navi_bg",
			"type":"image",
			"dark#image":"dark#home_navi_bg"
		},
		{
			"color":"#86d4c6",
			"description":"首页顶部渐变遮罩",
			"dark#color":"#5ca08f",
			"position":"home_navi_mask",
			"type":"color"
		},
		{
			"color":"#86d4c6",
			"description":"首页主题色",
			"dark#color":"#5ca08f",
			"position":"home_navi_theme_color",
			"type":"color"
		},
		{
			"image":"home_navi_bg",
			"description":"财富页顶部背景图",
			"position":"fortune_navi_bg",
			"type":"image",
			"dark#image":"dark#fortune_navi_bg"
		},
		{
			"color":"#86d4c6",
			"description":"财富页顶部渐变遮罩",
			"dark#color":"#5ca08f",
			"position":"fortune_navi_mask",
			"type":"color"
		},
		{
			"color":"#86d4c6",
			"description":"财富页主题色",
			"dark#color":"#5ca08f",
			"position":"fortune_navi_theme_color",
			"type":"color"
		},
		{
			"image":"home_navi_bg",
			"description":"生活页顶部背景图",
			"position":"living_navi_bg",
			"type":"image",
			"dark#image":"dark#living_navi_bg"
		},
		{
			"color":"#86d4c6",
			"description":"生活页顶部渐变遮罩",
			"dark#color":"#5ca08f",
			"position":"living_navi_mask",
			"type":"color"
		},
		{
			"color":"#86d4c6",
			"description":"生活页主题色",
			"dark#color":"#5ca08f",
			"position":"living_navi_theme_color",
			"type":"color"
		},
		{
			"image":"home_navi_bg",
			"description":"消息页顶部背景图",
			"position":"message_navi_bg",
			"type":"image",
			"dark#image":"dark#message_navi_bg"
		},
		{
			"color":"#86d4c6",
			"description":"消息页顶部渐变遮罩",
			"dark#color":"#5ca08f",
			"position":"message_navi_mask",
			"type":"color"
		},
		{
			"color":"#86d4c6",
			"description":"消息页主题色",
			"dark#color":"#5ca08f",
			"position":"message_navi_theme_color",
			"type":"color"
		},
		{
			"image":"me_navi_bg",
			"description":"我的顶部背景图",
			"position":"me_navi_bg",
			"type":"image",
			"dark#image":"dark#me_navi_bg"
		},
		{
			"color":"#86d4c6",
			"description":"我的顶部渐变遮罩",
			"dark#color":"#5ca08f",
			"position":"me_navi_mask",
			"type":"color"
		},
		{
			"color":"#86d4c6",
			"description":"我的主题色",
			"dark#color":"#5ca08f",
			"position":"me_navi_theme_color",
			"type":"color"
		},
		{
			"color":"#FFFFFF",
			"description":"首页前景色",
			"dark#color":"#FFFFFF",
			"position":"home_navi_theme_fg_color",
			"type":"color"
		},
		{
			"color":"#FFFFFF",
			"description":"理财前景色",
			"dark#color":"#FFFFFF",
			"position":"fortune_navi_theme_fg_color",
			"type":"color"
		},
		{
			"color":"#FFFFFF",
			"description":"生活前景色",
			"dark#color":"#FFFFFF",
			"position":"living_navi_theme_fg_color",
			"type":"color"
		},
		{
			"color":"#FFFFFF",
			"description":"消息前景色",
			"dark#color":"#FFFFFF",
			"position":"message_navi_theme_fg_color",
			"type":"color"
		},
		{
			"color":"#FFFFFF",
			"description":"我的前景色",
			"dark#color":"#FFFFFF",
			"position":"me_navi_theme_fg_color",
			"type":"color"
		},
		{
			"image":"tab_bar_publisher_icon_normal",
			"description":"生活发布器tab普通态icon",
			"position":"tab_bar_publisher_icon_normal",
			"type":"image"
		},
		{
			"image":"tab_bar_publisher_icon_selected",
			"description":"生活发布器tab选择态icon",
			"position":"tab_bar_publisher_icon_selected",
			"type":"image"
		},
		{
			"metaList":[
				{
					"image":"tab_bar_bg_200",
					"aspectRatio":200,
					"dark#image":"dark#tab_bar_bg_200"
				}
			],
			"image":"tab_bar_bg_200",
			"description":"tabBar背景图",
			"position":"tab_bar_bg",
			"type":"image",
			"dark#image":"dark#tab_bar_bg_200"
		}
	],
	"description":"宇宙商店-薄巧小猫主题皮肤套装",
	"skinId":"SKINC202600225377"
}