{
	"themeColor":"#FFA600",
	"resource":[
		{
			"description":"付款码背景",
			"position":"z01.0001",
			"type":"image",
			"imageList":[
				{
					"path":"background_2x1",
					"resolution":2
				},
				{
					"path":"background_16x9",
					"resolution":1.78
				},
				{
					"path":"background_4x3",
					"resolution":1.33
				}
			]
		},
		{
			"gradient":{
				"start":"#FFD334",
				"end":"#FFA600",
				"degrade":0.0
			},
			"description":"付款码卡头背景颜色",
			"position":"z02.0001",
			"type":"gradient"
		},
		{
			"gradient":{
				"start":"#FFD334",
				"end":"#FFA600",
				"degrade":0.0
			},
			"description":"收银台横条背景渐变色",
			"position":"hrzGradientValue",
			"type":"gradient"
		},
		{
			"image":"logo",
			"description":"付款码卡头中间logo",
			"position":"z02.0002",
			"type":"image"
		},
		{
			"image":"mask",
			"description":"付款码卡头右侧水印",
			"position":"z02.0003",
			"type":"image"
		},
		{
			"image":"ALICREDITChannelLogo",
			"description":"花呗渠道logo",
			"position":"ALICREDITChannelLogo",
			"type":"image"
		},
		{
			"image":"topBackgroundImage",
			"description":"收银台下凹区块光感渐变背景图",
			"position":"topBackgroundImage",
			"type":"image"
		},
		{
			"image":"headerMask",
			"description":"收银台logobar右侧底纹图片",
			"position":"headerMask",
			"type":"image"
		},
		{
			"image":"headerLogo",
			"description":"收银台logo图标",
			"position":"headerLogo",
			"type":"image"
		},
		{
			"image":"headerLogoV2",
			"lottie":"headerLogoV2.json",
			"description":"顶部动态lottie",
			"position":"headerLogoV2",
			"type":"lottie"
		},
		{
			"image":"mainscan_top_atmosphere",
			"description":"支付-主扫-顶部氛围",
			"position":"mainscan_top_atmosphere",
			"type":"image"
		},
		{
			"image":"mainscan_logo",
			"description":"支付-主扫-logo",
			"position":"mainscan_logo",
			"type":"image"
		},
		{
			"image":"mainscan_light_gradient",
			"description":"支付-主扫-光线渐变",
			"position":"mainscan_light_gradient",
			"type":"image"
		},
		{
			"color":"#FFFFFF",
			"description":"支付-主扫-键盘按钮",
			"position":"mainscan_keyboard_button",
			"type":"color"
		},
		{
			"color":"#FFF1E5",
			"description":"支付-主扫-键盘氛围",
			"position":"mainscan_keyboard_atmosphere",
			"type":"color"
		},
		{
			"color":"#FD8117",
			"description":"支付-主扫-付款按钮",
			"position":"mainscan_pay_button",
			"type":"color"
		},
		{
			"gradient":{
				"start":"#F5F5F5",
				"end":"#FFF1E5",
				"degrade":0.0
			},
			"description":"支付-主扫-付款渐变",
			"position":"mainscan_pay_gradient",
			"type":"gradient"
		},
		{
			"videoUrl":"https://mdn.alipayobjects.com/payment_skincenter/afts/file/1dOTTL3lSbUAAAAAbNAAAAgAegl4AQBr",
			"description":"付款码动效",
			"position":"qr_code_lottie",
			"type":"videoUrl"
		}
	],
	"ltpDrawer":"dark",
	"description":"花呗·疯狂动物城·朱迪",
	"skinId":"SKINC202500144260"
}